PATROLTRACK_SETUP;When a patrol finds a fleet;Lorsqu'une patrouille trouve une flotte;Wenn eine Patrouille eine Flotte findet;;Cuando una patrulla encuentra una flota.;;;;;;;;;x,,,,,,;
PATROLTRACK_HEADER;$chief_of_navy$ reports.;Rapports de $chief_of_navy$.;$chief_of_navy$ berichtet:;;$chief_of_navy$ informa.;;;;;;;;;x,,,,,,;
PATROLTRACK_1;Contact!;Contact !;Kontakt!;;¡Contacto!;;;;;;;;;x,,,,,,;
PATROLTRACK_2;$MONARCHTITLE$, the;$MONARCHTITLE$,;$MONARCHTITLE$,;;$MONARCHTITLE$, el;;;;;;;;;x,,,,,;
PATROLTRACK_3;$OUR_FLEET$;$OUR_FLEET$;$OUR_FLEET$;;$OUR_FLEET$;;;;;;;;;x,,,,,,;
PATROLTRACK_4;has found another fleet in;a trouvé une autre flotte dans la province;fand eine andere Flotte in;;ha encontrado a otra flota en;;;;;;;;;x,,,,,,;
PATROLTRACK_5;$PROV$;$PROV$;$PROV$;;$PROV$;;;;;;;;;x,,,,,,;
PATROLTRACK_6;This fleet belongs to $OTHER$.;Cette flotte appartient à $OTHER$.;Diese Flotte ist aus $OTHER$.;;Esta flota pertenece a $OTHER$.;;;;;;;;;x,,,,,,;
PATROLTRACK_LOG;PATROLTRACK_LOG > WARGOAL=$WARGOAL$ + foreign_minister=$foreign_minister$ + AGRESSOR=$AGRESSOR$ + VALUE=$VALUE$ + OUR_FLEET=$OUR_FLEET$ + PROV=$PROV$ + OTHER=$OTHER$ + OTHERS=$OTHERS$ + RESERVE=$RESERVE$ + TARGET=$TARGET$ + CAP=$CAP$ + SUB=$SUB$ + NUM=$NUM$ + COUNTRY=$COUNTRY$ + TYPE=$TYPE$ + NAME=$NAME$ + SCR=$SCR$ + TRA=$TRA$ + BRIG=$BRIG$ + UNIT=$UNIT$ + MEN=$MEN$ + FIG=$FIG$ + BOM=$BOM$ + DEFENDER=$DEFENDER$ + ATTACKER=$ATTACKER$ + ATTUNIT=$ATTUNIT$ + DEFUNIT=$DEFUNIT$ + RESULT=$RESULT$ + USLOSS=$USLOSS$ + USNUM=$USNUM$ + OTHERRESULT=$OTHERRESULT$ + THEIRNUM=$THEIRNUM$ + THEIRLOST=$THEIRLOST$ + SHIPS=$SHIPS$ + THEIRSHIP=$THEIRSHIP$ + ORDER=$ORDER$ + DAMAGE=$DAMAGE$ + ATTACKER_ADJ=$ATTACKER_ADJ$ + DAMAGE_SHORT=$DAMAGE_SHORT$ + SIZE=$SIZE$ + SUNK=$SUNK$;$OUR_FLEET$ a trouvé une flotte $OTHERS$ dans la province $PROV$.;$OUR_FLEET$ fand eine $OTHERS$ Flotte in $PROV$.;;$OUR_FLEET$ encontró la flota de $OTHERS$ en $PROV$.;;;;;;;;;x,,,,,,;
PATROLTRACK_BTN1;OK;OK;OK;OK;OK;OK;Rendben;OK;;;;;;x,,,,,,;
PATROLTRACK_BTN2;OK;OK;OK;OK;OK;OK;Rendben;OK;;;;;;x,,,,,,;
PATROLTRACK_BTN3;Goto;Aller à;Gehe zu;IdŸ do;Ir allí;Andare;Ugrás;Pøejít na;;;;;;x,,,,,,;
PATROLTRACK_MAP;Fleet Found!;Flotte repérée !;Flotte aufgeklärt;¡Flota encontrado!;;;;;;;;;;,,,,,,;
REINFORCE_SETUP;When a reserve fleet dispatches a unit;Lorsqu'une flotte de réserve envoie une unité;Wenn eine Reserveflotte eine Einheit abstellt;;Cuando una flota de reserva envía a una unidad.;;;;;;;;;x,,,,,,;
REINFORCE_HEADER;$chief_of_navy$ reports.;Rapports de $chief_of_navy$.;$chief_of_navy$ berichtet:;;$chief_of_navy$ informa de;;;;;;;;;x,,,,,,;
REINFORCE_1;Replacements Sent!;Renforts envoyés !;Verstärkung ist unterwegs!;;¡Refuerzos enviados!;;;;;;;;;x,,,,,,;
REINFORCE_2;$MONARCHTITLE$, the;$MONARCHTITLE$,;$MONARCHTITLE$, ;;$MONARCHTITLE$, el;;;;;;;;;x,,,,,;
REINFORCE_3;$RESERVE$;$RESERVE$;$RESERVE$;;$RESERVE$;;;;;;;;;x,,,,,,;
REINFORCE_4;has dispatched a fleet to;a envoyé une flotte vers;schickte eine Flotte nach;;ha enviado una flota a;;;;;;;;;x,,,,,,;
REINFORCE_5;$TARGET$;$TARGET$;$TARGET$;;$TARGET$;;;;;;;;;x,,,,,,;
REINFORCE_6;$RESERVE$ now has $CAP$ capital ships, $SUB$ Submarines and $OTHER$ other shiptypes left.;$RESERVE$ dispose maintenant de $CAP$ navires capitaux, de $SUB$ sous-marins et de $OTHER$ navires d'autres types.;$RESERVE$ hat nun $CAP$ Großkampfschiffe, $SUB$ U-Boote und $OTHER$ andere Schiffstypen übrig.;;A $RESERVE$ le quedan ahora $CAP$ grandes unidades, $SUB$ submarinos y $OTHER$ de otros tipos de barcos.;;;;;;;;;x,,,,,;
REINFORCE_LOG;REINFORCE_LOG > WARGOAL=$WARGOAL$ + foreign_minister=$foreign_minister$ + AGRESSOR=$AGRESSOR$ + VALUE=$VALUE$ + OUR_FLEET=$OUR_FLEET$ + PROV=$PROV$ + OTHER=$OTHER$ + OTHERS=$OTHERS$ + RESERVE=$RESERVE$ + TARGET=$TARGET$ + CAP=$CAP$ + SUB=$SUB$ + NUM=$NUM$ + COUNTRY=$COUNTRY$ + TYPE=$TYPE$ + NAME=$NAME$ + SCR=$SCR$ + TRA=$TRA$ + BRIG=$BRIG$ + UNIT=$UNIT$ + MEN=$MEN$ + FIG=$FIG$ + BOM=$BOM$ + DEFENDER=$DEFENDER$ + ATTACKER=$ATTACKER$ + ATTUNIT=$ATTUNIT$ + DEFUNIT=$DEFUNIT$ + RESULT=$RESULT$ + USLOSS=$USLOSS$ + USNUM=$USNUM$ + OTHERRESULT=$OTHERRESULT$ + THEIRNUM=$THEIRNUM$ + THEIRLOST=$THEIRLOST$ + SHIPS=$SHIPS$ + THEIRSHIP=$THEIRSHIP$ + ORDER=$ORDER$ + DAMAGE=$DAMAGE$ + ATTACKER_ADJ=$ATTACKER_ADJ$ + DAMAGE_SHORT=$DAMAGE_SHORT$ + SIZE=$SIZE$ + SUNK=$SUNK$;$RESERVE$ a envoyé une flotte vers $TARGET$.;$RESERVE$ schickte eine Flotte nach $TARGET$.;;$RESERVE$ envió una flota a $TARGET$.;;;;;;;;;x,,,,,,;
REINFORCE_BTN1;OK;OK;OK;OK;OK;OK;Rendben;OK;;;;;;x,,,,,,;
REINFORCE_BTN2;OK;OK;OK;OK;OK;OK;Rendben;OK;;;;;;x,,,,,,;
REINFORCE_BTN3;Goto;Aller à;Gehe zu;IdŸ do;Ir allí;Andare;Ugrás;Pøejít na;;;;;;x,,,,,,;
REINFORCE_MAP;Reserves!;Réserve !;Reserve!;;¡Reserva!;;;;;;;;;x,,,,,,;
REINFORCEAIR_SETUP;When a reserve air unit dispatches a unit;Lorsqu'une unité de réserve aérienne envoie une unité;Wenn eine Reservelufteinheit eine Einheit abstellt;;Cuando una unidad aérea de la reserva envía una unidad;;;;;;;;;x,,,,,,;
REINFORCEAIR_HEADER;$chief_of_air$ reports.;Rapports de $chief_of_air$.;$chief_of_air$ berichtet:;;$chief_of_air$ nos informa de;;;;;;;;;x,,,,,,;
REINFORCEAIR_1;Replacements Sent!;Renforts envoyés !;Verstärkung ist unterwegs!;;¡Refuerzos enviados!;;;;;;;;;x,,,,,,;
REINFORCEAIR_2;$MONARCHTITLE$, the;$MONARCHTITLE$,;$MONARCHTITLE$, ;;$MONARCHTITLE$, el;;;;;;;;;x,,,,,;
REINFORCEAIR_3;$RESERVE$;$RESERVE$;$RESERVE$;;$RESERVE$;;;;;;;;;x,,,,,,;
REINFORCEAIR_4;has dispatched an air unit to;a envoyé une unité aérienne vers;schickte eine Lufteinheit nach;;ha enviado una unidad aérea a;;;;;;;;;x,,,,,,;
REINFORCEAIR_5;$TARGET$;$TARGET$.;$TARGET$;;$TARGET$;;;;;;;;;x;,,,,,,
REINFORCEAIR_6;$RESERVE$ now has $NUM$ units left.;$RESERVE$ dispose maintenant de $NUM$ unités.;$RESERVE$ hat nun $NUM$ Einheiten übrig.;;A $RESERVE$ le quedan ahora $NUM$ unidades.;;;;;;;;;x;,,,,,,
REINFORCEAIR_LOG;REINFORCEAIR_LOG > WARGOAL=$WARGOAL$ + foreign_minister=$foreign_minister$ + AGRESSOR=$AGRESSOR$ + VALUE=$VALUE$ +  OUR_FLEET=$OUR_FLEET$ + PROV=$PROV$ + OTHER=$OTHER$ + OTHERS=$OTHERS$ + RESERVE=$RESERVE$ + TARGET=$TARGET$ + CAP=$CAP$ + SUB=$SUB$ + NUM=$NUM$ + COUNTRY=$COUNTRY$ + TYPE=$TYPE$ + NAME=$NAME$ + SCR=$SCR$ + TRA=$TRA$ + BRIG=$BRIG$ + UNIT=$UNIT$ + MEN=$MEN$ + FIG=$FIG$ + BOM=$BOM$ + DEFENDER=$DEFENDER$ + ATTACKER=$ATTACKER$ + ATTUNIT=$ATTUNIT$ + DEFUNIT=$DEFUNIT$ + RESULT=$RESULT$ + USLOSS=$USLOSS$ + USNUM=$USNUM$ + OTHERRESULT=$OTHERRESULT$ + THEIRNUM=$THEIRNUM$ + THEIRLOST=$THEIRLOST$ + SHIPS=$SHIPS$ + THEIRSHIP=$THEIRSHIP$ + ORDER=$ORDER$ + DAMAGE=$DAMAGE$ + ATTACKER_ADJ=$ATTACKER_ADJ$ + DAMAGE_SHORT=$DAMAGE_SHORT$ + SIZE=$SIZE$ + SUNK=$SUNK$;$RESERVE$ a envoyé une flotte vers $TARGET$.;$RESERVE$ schickte eine Flotte nach $TARGET$.;;$RESERVE$ envió una flota a $TARGET$.;;;;;;;;;x;,,,,,,
REINFORCEAIR_BTN1;OK;OK;OK;OK;OK;OK;Rendben;OK;;;;;;x;,,,,,,
REINFORCEAIR_BTN2;OK;OK;OK;OK;OK;OK;Rendben;OK;;;;;;x;,,,,,,
REINFORCEAIR_BTN3;Goto;Aller à;Gehe zu;IdŸ do;Ir allí;Andare;Ugrás;Pøejít na;;;;;;x;,,,,,,
REINFORCEAIR_MAP;Reserves!;Réserve !;Reserve!;;¡Reserva!;;;;;;;;;x;,,,,,,
PROVINCELOST_SETUP;When you lose control of a province;Lorsque vous perdez le contrôle d'une province;Wenn Sie die Kontrolle über eine Provinz verlieren.;Kiedy tracisz nieufortyfikowan¹ prowincjê;Cuando pierdes el control de una provincia.;Quando perdi una provincia non fortificata;Ha elvesztettél egy védtelen provinciát;Když ztratíte neopevnìnou provincii;;;;;;x;,,,,,,
PROVINCELOST_HEADER;$minister_of_security$ reports;$minister_of_security$ signale;$minister_of_security$ berichtet:;;¡$minister_of_security$ informa de una;;;;;;;;;;x,,,,,,
PROVINCELOST_1;Province Lost!;qu'une province a été perdue !;Provinz verloren!;Prowincja stracona!;provincia perdida!;Provincia persa!;Elvesztettünk egy provinciát;Provincie ztracena!;;;;;;x;,,,,,,
PROVINCELOST_2;We have lost the province of;Nous avons perdu la province;Wir verloren die Provinz;Straciliœmy prowincjê;Hemos perdido la provincia de;Abbiamo perso la provincia di;Elvesztettük;Ztratili jsme provincii;;;;;;x;,,,,,,
PROVINCELOST_3;$PROV$;$PROV$;$PROV$;$PROV$;$PROV$;$PROV$;$PROV$;$PROV$;;;;;;x;,,,,,,
PROVINCELOST_4;to the despicable;qui est passée aux mains de;an ;na rzecz nikczemnego pañstwa;ante;con la spregevole nazione di;tartományt, mely most;a získala ji mrzká zemì;;;;;;x;,,,,,
PROVINCELOST_5;$COUNTRY$;$COUNTRY$;$COUNTRY$;$COUNTRY$;$COUNTRY$;$COUNTRY$;$COUNTRY$ kezére került.;$COUNTRY$;;;;;;x;,,,,,,
PROVINCELOST_6;We must reacquire it!;Nous devons la reconquérir !;Wir müssen sie zurückerobern!;Musimy j¹ odzyskaæ!;¡Debemos recuperarla!;Dobbiamo riconquistarla!;Vissza kell szereznünk!;Musíme ji získat zpátky!;;;;;;x;,,,,,,
PROVINCELOST_LOG;PROVINCELOST_LOG > WARGOAL=$WARGOAL$ + foreign_minister=$foreign_minister$ + AGRESSOR=$AGRESSOR$ + VALUE=$VALUE$ +  OUR_FLEET=$OUR_FLEET$ + PROV=$PROV$ + OTHER=$OTHER$ + OTHERS=$OTHERS$ + RESERVE=$RESERVE$ + TARGET=$TARGET$ + CAP=$CAP$ + SUB=$SUB$ + NUM=$NUM$ + COUNTRY=$COUNTRY$ + TYPE=$TYPE$ + NAME=$NAME$ + SCR=$SCR$ + TRA=$TRA$ + BRIG=$BRIG$ + UNIT=$UNIT$ + MEN=$MEN$ + FIG=$FIG$ + BOM=$BOM$ + DEFENDER=$DEFENDER$ + ATTACKER=$ATTACKER$ + ATTUNIT=$ATTUNIT$ + DEFUNIT=$DEFUNIT$ + RESULT=$RESULT$ + USLOSS=$USLOSS$ + USNUM=$USNUM$ + OTHERRESULT=$OTHERRESULT$ + THEIRNUM=$THEIRNUM$ + THEIRLOST=$THEIRLOST$ + SHIPS=$SHIPS$ + THEIRSHIP=$THEIRSHIP$ + ORDER=$ORDER$ + DAMAGE=$DAMAGE$ + ATTACKER_ADJ=$ATTACKER_ADJ$ + DAMAGE_SHORT=$DAMAGE_SHORT$ + SIZE=$SIZE$ + SUNK=$SUNK$;Nous avons perdu la province $PROV$ au bénéfice du pays $COUNTRY$.;Wir haben $PROV$ an $COUNTRY$ verloren.;Straciliœmy prowincjê $PROV$ na rzecz $COUNTRY$.;Perdimos $PROV$ ante $COUNTRY$.;Abbiamo perso $PROV$ con $COUNTRY$.;$COUNTRY$ kezére került $PROV$ tartományunk.;Ztratili jsme provincii $PROV$ ve prospìch zemì $COUNTRY$.;;;;;;x;,,,,,,
PROVINCELOST_BTN1;Ok;Ok;Ok;OK;Aceptar;Ok;Ok;Ok;;;;;;x,,,,,,;
PROVINCELOST_BTN2;Ok;Ok;Ok;OK;Aceptar;Ok;Ok;Ok;;;;;;x,,,,,,;
PROVINCELOST_BTN3;Goto;Aller à;Gehe zu;IdŸ do;Ir allí;Andare;Menj ide!;Pøejít na;;;;;;x,,,,,,;
PROVINCELOST_MAP;Province Lost!;Province perdue !;Provinz verloren!;Prowincja stracona!;¡Provincia perdida!;Provincia persa!;Elveszett egy provincia!;Provincie ztracena!;;;;;;x,,,,,,;
UNITARRIVED_SETUP;When one of our units arrives at its destination;Lorsque l'une de nos unités arrive à destination;Wenn eine unserer Einheiten ihr Ziel erreicht;Kiedy jedna z naszych jednostek przybywa na miejsce;Cuando una de nuestras unidades llega a su destino.;Quando una delle nostre unità arriverà a destinazione;Ha az egyik egységünk megérkezett a célponthoz.;Když jedna z našich jednotek dorazí na místo urèení;;;;;;x,,,,,,;
UNITARRIVED_HEADER;$chief_of_staff$ reports;$chief_of_staff$ signale que;$chief_of_staff$ berichtet:;;$chief_of_staff$ informa que;;;;;;;;;x,,,,,,;
UNITARRIVED_1;$TYPE$ Arrived!;$TYPE$ est arrivé(e) !;$TYPE$ angekommen!;$TYPE$ przybywa!;¡$TYPE$ ha llegado!;$TYPE$ arrivato!;$TYPE$ megérkezett!;$TYPE$ dorazila!;;;;;;x,,,,,,;
UNITARRIVED_2;our $TYPE$ of;notre $TYPE$,;$MONARCHTITLE$, unsere $TYPE$ von;nasze $TYPE$ z;nuestro $TYPE$ de;$TYPE$ di;$TYPE$ egységünk,;naše $TYPE$ jménem;;;;;;x,,,,;
UNITARRIVED_3;$NAME$;$NAME$;$NAME$;$NAME$;$NAME$;$NAME$;$NAME$;$NAME$;;;;;;x,,,,,,;
UNITARRIVED_4;has safely arrived in;est arrivé sans encombre dans la province;ist sicher in;przybywa (-j¹) bezpiecznie do;ha llegado a salvo a;è arrivato in sicurezza a;sikeresen megérkezett;bezpeènì dorazila do;;;;;;x,,,,,,;
UNITARRIVED_5;$PROV$;$PROV$.;$PROV$ angekommen.;prowincji $PROV$;$PROV$;$PROV$;$PROV provinciára.;$PROV$;;;;;;x,,,,,,;
UNITARRIVED_6;They are awaiting futher orders;Ils y attendent de nouveaux ordres.;Sie warten auf weitere Befehle.;Oczekuj¹ na dalsze rozkazy;Están esperando órdenes adicionales;Attende ulteriori ordini;További parancsainkra várnak.;Oèekává další rozkazy.;;;;;;x,,,,,,;
UNITARRIVED_LOG;UNITARRIVED_LOG > WARGOAL=$WARGOAL$ + foreign_minister=$foreign_minister$ + AGRESSOR=$AGRESSOR$ + VALUE=$VALUE$ +  OUR_FLEET=$OUR_FLEET$ + PROV=$PROV$ + OTHER=$OTHER$ + OTHERS=$OTHERS$ + RESERVE=$RESERVE$ + TARGET=$TARGET$ + CAP=$CAP$ + SUB=$SUB$ + NUM=$NUM$ + COUNTRY=$COUNTRY$ + TYPE=$TYPE$ + NAME=$NAME$ + SCR=$SCR$ + TRA=$TRA$ + BRIG=$BRIG$ + UNIT=$UNIT$ + MEN=$MEN$ + FIG=$FIG$ + BOM=$BOM$ + DEFENDER=$DEFENDER$ + ATTACKER=$ATTACKER$ + ATTUNIT=$ATTUNIT$ + DEFUNIT=$DEFUNIT$ + RESULT=$RESULT$ + USLOSS=$USLOSS$ + USNUM=$USNUM$ + OTHERRESULT=$OTHERRESULT$ + THEIRNUM=$THEIRNUM$ + THEIRLOST=$THEIRLOST$ + SHIPS=$SHIPS$ + THEIRSHIP=$THEIRSHIP$ + ORDER=$ORDER$ + DAMAGE=$DAMAGE$ + ATTACKER_ADJ=$ATTACKER_ADJ$ + DAMAGE_SHORT=$DAMAGE_SHORT$ + SIZE=$SIZE$ + SUNK=$SUNK$;$NAME$ est arrivé dans la province $PROV$;$NAME$ ist in $PROV$ angekommen;$NAME$ przyby³ do prowincji $PROV$;$NAME$ llegó a $PROV$;;$NAME$ è arrivato in $PROV$è arrivato in;$NAME$ dorazil do $PROV$;;;;;;x,,,,,,;
UNITARRIVED_BTN1;OK;OK;OK;OK;OK;OK;Rendben;OK;;;;;;x,,,,,,;
UNITARRIVED_BTN2;OK;OK;OK;OK;OK;OK;Rendben;OK;;;;;;x,,,,,,;
UNITARRIVED_BTN3;GOTO;ALLER À;Gehe zu;ID DO;Ir allí;ANDARE;Menj ide:;PØEJÍT NA;;;;;;x,,,,,,;
UNITARRIVED_MAP;*;*;*;*;*;*;*;*;;;;;;x,,,,,,;
UNIT_ATTACK_INFO_NAVY;With a total of $CAP$ capital ships, $SCR$ screens, $SUB$ submarines & $TRA$ transports.;Avec un total de $CAP$ navires capitaux, $SCR$ escortes, $SUB$ sous-marins et $TRA$ transporteurs.;Mit insgesamt $CAP$ Großkampfschiffen, $SCR$ Begleitschiffen, $SUB$ U-Booten & $TRA$ Transportern.;;Un total de $CAP$ grandes unidades, $SCR$ escoltas, $SUB$ submarinos y $TRA$ transportes.;;;;;;;;;x,,,,;
UNIT_ATTACK_INFO_ARMY;With a total of $BRIG$ brigades organised into $UNIT$ units, totalling $MEN$ effective soldiers.;Avec un total de $BRIG$ brigades organisées en $UNIT$ unités pour un effectif de $MEN$ soldats.;Mit $BRIG$ Brigaden, organisiert in $UNIT$ Einheiten, insgesamt $MEN$ kampffähige Soldaten.;;Un total de $BRIG$ brigadas organizadas en $UNIT$ unidad(es), y un total de $MEN$ soldados.;;;;;;;;;x,,,,,;
UNIT_ATTACK_INFO_AIR;With a total of $FIG$ fighters and $BOM$ bombers.;Avec un total de $FIG$ chasseurs et $BOM$ bombardiers.;Mit insgesamt $FIG$ Jägern und $BOM$ Bombern.;;Un total de $FIG$ cazas y $BOM$ bombarderos.;;;;;;;;;x,,,,,,;
ATTACKTHEM_SETUP;When one of our land units attacks the enemy ;Lorsque l'une de nos unités terrestres attaque l'ennemi.;Wenn eine unserer Landeinheiten den Feind angreift;;Cuando una de nuestras unidades terrestres ataca al enemigo.;;;;;;;;;x,,,,,,;
ATTACKTHEM_HEADER;$chief_of_staff$ reports that;$chief_of_staff$ signale que;$chief_of_staff$ berichtet:;;$chief_of_staff$ informa que;;;;;;;;;x,,,,,,;
ATTACKTHEM_1;We have engaged the Enemy!;nous avons attaqué l'ennemi !;Aufeinandertreffen mit dem Feind!;;¡Hemos entablado combate con el enemigo!;;;;;;;;;x,,,,,,;
ATTACKTHEM_2;$MONARCHTITLE$, we have reports that battle has commenced in;$MONARCHTITLE$, nous vous informons que la bataille a commencé dans la province;$MONARCHTITLE$, uns wird gemeldet, dass eine Schlacht in;;$MONARCHTITLE$, nos informan que ha comenzado la batalla en;;;;;;;;;x,,,,,;
ATTACKTHEM_3;$PROV$.;$PROV$.;$PROV$ begonnen hat.;;$PROV$.;;;;;;;;;x,,,,,,;
ATTACKTHEM_4;We are attacking forces of $DEFENDER$ and attempting to dislodge their defences. We have engaged with ;Nous sommes les forces d'attaque de $DEFENDER$ et nous tentons de déplacer leurs défenses. Nous avons engagé le combat avec;Wir greifen Truppen aus $DEFENDER$ an und versuchen, sie aus ihren Stellungen zu werfen.;;Atacamos a las fuerzas de $DEFENDER$, en un intento de desbaratar sus defensas. Hemos entablado combate con ;;;;;;;;;x,,,,,,;
ATTACKTHEM_5;*;*;Angreifer: $ATTUNIT$;;$ATTUNIT$\natacando a\n$DEFUNIT$;;;;;;;;;x,,,,,,;
ATTACKTHEM_6;*;*;Verteidiger: $DEFUNIT$;;*;;;;;;;;;x,,,,,,;
ATTACKTHEM_LOG;DONE ATTACKTHEM_LOG > PROV=$PROV$ +  COUNTRY=$COUNTRY$ + DEFENDER=$DEFENDER$ + ATTACKER=$ATTACKER$ + ATTUNIT=$ATTUNIT$ + DEFUNIT=$DEFUNIT$;Nous avons attaqué l'ennemi dans la province $PROV$.;Wir haben den Feind in $PROV$ angegriffen.;;Hemos atacado al enemigo en $PROV$.;;;;;;;;;x,,,,,,;
ATTACKTHEM_BTN1;OK;OK;OK;;OK;;;;;;;;;x,,,,,,;
ATTACKTHEM_BTN2;OK;OK;OK;;OK;;;;;;;;;x,,,,,,;
ATTACKTHEM_BTN3;Goto;Aller à;Gehe zu;;Ir allí;;;;;;;;;x,,,,,,;
ATTACKTHEM_MAP;Attack Commenced;*;*;;*;;;;;;;;;x,,,,,,;
ATTACKUS_SETUP;When one of our land units is attacked by the enemy ;Lorsque l'une de nos unités terrestres est attaquée par l'ennemi.;Wenn eine unserer Landeinheiten vom Feind angegriffen wird;;Una de nuestras unidades terrestres es atacada por el enemigo.;;;;;;;;;x,,,,,,;
ATTACKUS_HEADER;$chief_of_staff$ reports that;$chief_of_staff$ signale que;$chief_of_staff$ berichtet:;;$chief_of_staff$ informa que;;;;;;;;;x,,,,,,;
ATTACKUS_1;Our forces are under attack!;nos forces sont attaquées !;Unsere Truppen werden angegriffen!;;¡Están atacando a nuestras fuerzas!;;;;;;;;;x,,,,,,;
ATTACKUS_2;$MONARCHTITLE$, we have been attacked in;$MONARCHTITLE$, nous avons été attaqués dans la province;$MONARCHTITLE$, wir werden in;;$MONARCHTITLE$, hemos sido atacados en;;;;;;;;;x,,,,,;
ATTACKUS_3;$PROV$.;$PROV$.;$PROV$ angegriffen.;;$PROV$.;;;;;;;;;x,,,,,,;
ATTACKUS_4;Hostile forces from $ATTACKER$ have engaged us with;Les forces ennemies de $ATTACKER$ ont engagé le combat avec nous et;Feindliche Truppen aus $ATTACKER$ greifen uns an.;;Fuerzas hostiles de $ATTACKER$ han entablado combate con nosotros con;;;;;;;;;x,,,,,,;
ATTACKUS_5;*;$ATTUNIT$\nattaquent\n$DEFUNIT$.;Angreifer: $ATTUNIT$;;$ATTUNIT$\natacando a\n$DEFUNIT$;;;;;;;;;x,,,,,,;
ATTACKUS_6;*;*;Verteidiger: $DEFUNIT$;;*;;;;;;;;;x,,,,,,;
ATTACKUS_LOG;DONE ATTACKUS_LOG > WARGOAL=$WARGOAL$ + foreign_minister=$foreign_minister$ + AGRESSOR=$AGRESSOR$ + VALUE=$VALUE$ +  PROV=$PROV$ + COUNTRY=$COUNTRY$ + DEFENDER=$DEFENDER$ + ATTACKER=$ATTACKER$ + ATTUNIT=$ATTUNIT$ + DEFUNIT=$DEFUNIT$ + ;Nous avons été attaqués dans la province $PROV$.;Wir werden angegriffen in $PROV$.;;Hemos sido atacados en $PROV$.;;;;;;;;;x,,,,,,;
ATTACKUS_BTN1;OK;OK;OK;;OK;;;;;;;;;x,,,,,,;
ATTACKUS_BTN2;OK;OK;OK;;OK;;;;;;;;;x,,,,,,;
ATTACKUS_BTN3;Goto;Aller à;Gehe zu;;Ir allí;;;;;;;;;x,,,,,,;
ATTACKUS_MAP;Under attack!;*;*;;*;;;;;;;;;x,,,,,,;
NAVALATTACKTHEM_SETUP;When one of our navies attacks the enemy;Lorsque l'une de nos marines attaque l'ennemi.;Wenn eine unserer Flotten den Feind angreift;;Cuando una de nuestras armadas ataca al enemigo.;;;;;;;;;x,,,,,,;
NAVALATTACKTHEM_HEADER;$chief_of_navy$ reports;$chief_of_navy$ signale que;$chief_of_navy$ berichtet:;;$chief_of_navy$ informa de;;;;;;;;;x,,,,,,;
NAVALATTACKTHEM_1;We have engaged a hostile navy!;nous avons engagé le combat contre une marine ennemie !;Aufeinandertreffen mit feindlicher Flotte!;;¡Entablado combate con una armada hostil!;;;;;;;;;x,,,,,,;
NAVALATTACKTHEM_2;$MONARCHTITLE$, our navy has engaged enemy ships in;$MONARCHTITLE$, notre marine a engagé le combat avec des navires ennemis dans la province;$MONARCHTITLE$, unsere Flotte befindet sich im Kampf mit feindlichen Schiffen;;$MONARCHTITLE$, nuestra marina ha entablado combate con barcos enemigos en;;;;;;;;;x,,,,,;
NAVALATTACKTHEM_3;$PROV$.;$PROV$.;aus $DEFENDER$ in $PROV$.;;$PROV$.;;;;;;;;;x,,,,,,;
NAVALATTACKTHEM_4;An enemy fleet consisting of ships from $DEFENDER$ will be destroyed by;Une flotte ennemie composée de navires de $DEFENDER$ sera détruite par;Angreifer: $ATTUNIT$;;Una flota enemiga compuesta por buques de $DEFENDER$ será destruida por;;;;;;;;;x,,,,,,;
NAVALATTACKTHEM_5;$ATTUNIT$\nattacking\n$DEFUNIT$;$ATTUNIT$\nattaquant\n$DEFUNIT$.;Verteidiger: $DEFUNIT$;;$ATTUNIT$\natacando a\n$DEFUNIT$;;;;;;;;;x,,,,,,;
NAVALATTACKTHEM_6;*;*;*;;*;;;;;;;;;x,,,,,,;
NAVALATTACKTHEM_LOG;DONE NAVALATTACKTHEM_LOG > WARGOAL=$WARGOAL$ + foreign_minister=$foreign_minister$ + AGRESSOR=$AGRESSOR$ + VALUE=$VALUE$ +  PROV=$PROV$ + COUNTRY=$COUNTRY$ + DEFENDER=$DEFENDER$ + ATTACKER=$ATTACKER$ + ATTUNIT=$ATTUNIT$ + DEFUNIT=$DEFUNIT$;Notre marine a engagé le combat avec une flotte ennemie dans la province $PROV$.;Unsere Flotte befindet sich im Kampf mit feindlichen Schiffen in $PROV$.;;Nuestra marina ha entablado combate con una flota hostil en $PROV$.;;;;;;;;;x,,,,,,;
NAVALATTACKTHEM_BTN1;OK;OK;OK;;OK;;;;;;;;;x,,,,,,;
NAVALATTACKTHEM_BTN2;OK;OK;OK;;OK;;;;;;;;;x,,,,,,;
NAVALATTACKTHEM_BTN3;Goto;Aller à;Gehe zu;;Ir allí;;;;;;;;;x,,,,,,;
NAVALATTACKTHEM_MAP;Engaging Enemy Fleet!;*;*;;*;;;;;;;;;x,,,,,,;
NAVALATTACKUS_SETUP;When one of our navies is attacked by the enemy;Lorsque l'une de nos marines est attaquée par l'ennemi;Wenn eine unserer Flotten vom Feind angegriffen wird;;Cuando una de nuestras armadas es atacada por el enemigo.;;;;;;;;;x,,,,,,;
NAVALATTACKUS_HEADER;$chief_of_navy$ reports;$chief_of_navy$ signale que;$chief_of_navy$ berichtet:;;$chief_of_navy$ informa de;;;;;;;;;x,,,,,,;
NAVALATTACKUS_1;Our Navy is under attack!;notre marine est attaquée !;Unsere Flotte wird angegriffen!;;¡Están atacando a nuestra armada!;;;;;;;;;x,,,,,,;
NAVALATTACKUS_2;$MONARCHTITLE$, our navy has been engaged by enemy ships in;$MONARCHTITLE$, notre marine a été attaquée par des navires ennemis dans la province;$MONARCHTITLE$, unsere Schiffe wurden angegriffen von feindlichen Schiffen in;;$MONARCHTITLE$, buques enemigos han entablado combate con nuestra armada en;;;;;;;;;x,,,,,;
NAVALATTACKUS_3;$PROV$.;$PROV$.;$PROV$.;;$PROV$.;;;;;;;;;x,,,,,,;
NAVALATTACKUS_4;An enemy fleet consisting of ships from $ATTACKER$ with;Une flotte ennemie composée de navires de $ATTACKER$ et de;Eine feindliche Flotte aus $ATTACKER$ mit;;una flota enemiga compuesta de buques de $ATTACKER$ con;;;;;;;;;x,,,,,,;
NAVALATTACKUS_5;$ATTUNIT$\nattacking our\n$DEFUNIT$;$ATTUNIT$\nattaquant nos\n$DEFUNIT$.;$ATTUNIT$\nattackiert unsere\n$DEFUNIT$;;$ATTUNIT$\natacando a nuestro\n$DEFUNIT$;;;;;;;;;x,,,,,,;
NAVALATTACKUS_6;*;*;*;;*;;;;;;;;;x,,,,,,;
NAVALATTACKUS_LOG;NAVALATTACKUS_LOG > WARGOAL=$WARGOAL$ + foreign_minister=$foreign_minister$ + AGRESSOR=$AGRESSOR$ + VALUE=$VALUE$ +  OUR_FLEET=$OUR_FLEET$ + PROV=$PROV$ + OTHER=$OTHER$ + OTHERS=$OTHERS$ + RESERVE=$RESERVE$ + TARGET=$TARGET$ + CAP=$CAP$ + SUB=$SUB$ + NUM=$NUM$ + COUNTRY=$COUNTRY$ + TYPE=$TYPE$ + NAME=$NAME$ + SCR=$SCR$ + TRA=$TRA$ + BRIG=$BRIG$ + UNIT=$UNIT$ + MEN=$MEN$ + FIG=$FIG$ + BOM=$BOM$ + DEFENDER=$DEFENDER$ + ATTACKER=$ATTACKER$ + ATTUNIT=$ATTUNIT$ + DEFUNIT=$DEFUNIT$ + RESULT=$RESULT$ + USLOSS=$USLOSS$ + USNUM=$USNUM$ + OTHERRESULT=$OTHERRESULT$ + THEIRNUM=$THEIRNUM$ + THEIRLOST=$THEIRLOST$ + SHIPS=$SHIPS$ + THEIRSHIP=$THEIRSHIP$ + ORDER=$ORDER$ + DAMAGE=$DAMAGE$ + ATTACKER_ADJ=$ATTACKER_ADJ$ + DAMAGE_SHORT=$DAMAGE_SHORT$ + SIZE=$SIZE$ + SUNK=$SUNK$;Notre flotte est attaquée par des navires ennemis dans la province $PROV$.;Unsere Flotte in $PROV$ wird von feindlichen Schiffen angegriffen.;;Nuestra flota en $PROV$ está siendo atacada por buques hostiles.;;;;;;;;;x,,,,,,;
NAVALATTACKUS_BTN1;OK;OK;OK;;OK;;;;;;;;;x,,,,,,;
NAVALATTACKUS_BTN2;OK;OK;OK;;OK;;;;;;;;;x,,,,,,;
NAVALATTACKUS_BTN3;Goto;Aller à;Gehe zu;;Ir allí;;;;;;;;;x,,,,,,;
NAVALATTACKUS_MAP;Fleet under attack!;Flotte attaquée !;*;;*;;;;;;;;;x,,,,,,;
AIRATTACKTHEM_SETUP;When one of our air units attacks the enemy;Lorsque l'une de nos unités aériennes attaque l'ennemi.;Wenn eine unserer Lufteinheiten den Feind angreift;;Cuando una de nuestras unidades aéreas ataca al enemigo.;;;;;;;;;x,,,,,,;
AIRATTACKTHEM_HEADER;$chief_of_air$ reports;$chief_of_air$ signale que;$chief_of_air$ berichtet:;;$chief_of_air$ nos informa de que;;;;;;;;;x,,,,,,;
AIRATTACKTHEM_1;We have engaged the Enemy!;nous avons engagé le combat avec l'ennemi !;Aufeinandertreffen mit dem Feind!;;¡hemos entablado combate con el enemigo!;;;;;;;;;x,,,,,,;
AIRATTACKTHEM_2;$MONARCHTITLE$, our airforce have attacked our enemy in;$MONARCHTITLE$, nos forces aériennes ont attaqué l'ennemi dans la province;$MONARCHTITLE$, unsere Luftwaffe befindet sich über;;$MONARCHTITLE$, nuestra fuerza aérea ha atacado a nuestro enemigo en;;;;;;;;;x,,,,,;
AIRATTACKTHEM_3;$PROV$.;$PROV$.;$PROV$ im Kampf mit feindlichen Flugzeugen aus;;$PROV$.;;;;;;;;;x,,,,,,;
AIRATTACKTHEM_4;The planes from $DEFENDER$ will be destroyed by;Les avions de $DEFENDER$ seront détruits par;$DEFENDER$.;;Los aviones de $DEFENDER$ serán destruidos por;;;;;;;;;x,,,,,,;
AIRATTACKTHEM_5;$ATTUNIT$\nattacking\n$DEFUNIT$;les $ATTUNIT$\nattaquant les\n$DEFUNIT$.;Angreifer: $ATTUNIT$;;$ATTUNIT$\natacando a\n$DEFUNIT$;;;;;;;;;x,,,,,,;
AIRATTACKTHEM_6;*;*;Verteidiger: $DEFUNIT$;;*;;;;;;;;;x,,,,,,;
AIRATTACKTHEM_LOG;DONE AIRATTACKTHEM_LOG > WARGOAL=$WARGOAL$ + foreign_minister=$foreign_minister$ + AGRESSOR=$AGRESSOR$ + VALUE=$VALUE$ +  PROV=$PROV$ + COUNTRY=$COUNTRY$ + DEFENDER=$DEFENDER$ + ATTACKER=$ATTACKER$ + ATTUNIT=$ATTUNIT$ + DEFUNIT=$DEFUNIT$;Nos forces aériennes ont engagé des cibles au-dessus de la province $PROV$.;Unsere Flotte greift Ziele an über $PROV$.;;Nuestra fuerza aérea ha entablado combate con objetivos sobre $PROV$.;;;;;;;;;x,,,,,,;
AIRATTACKTHEM_BTN1;OK;OK;OK;;OK;;;;;;;;;x,,,,,,;
AIRATTACKTHEM_BTN2;OK;OK;OK;;OK;;;;;;;;;x,,,,,,;
AIRATTACKTHEM_BTN3;Goto;Aller à;Gehe zu;;Ir allí;;;;;;;;;x,,,,,,;
AIRATTACKTHEM_MAP;*;*;*;;*;;;;;;;;;x,,,,,,;
AIRATTACKUS_SETUP;When one of our air units is attacked by the enemy;Lorsque l'une de nos unités aériennes est attaquée par l'ennemi.;Wenn eine unserer Lufteinheiten vom Feind angegriffen wird;;Cuando una de nuestras unidades aéreas es atacada por el enemigo.;;;;;;;;;x,,,,,,;
AIRATTACKUS_HEADER;$chief_of_air$ reports;$chief_of_air$ signale que;$chief_of_air$ berichtet:;;$chief_of_air$ nos informa de que;;;;;;;;;x,,,,,,;
AIRATTACKUS_1;We have planes under attack!;certains de nos avions sont attaqués !;Unsere Flugzeuge werden angegriffen!;;¡Atacan a nuestros aviones!;;;;;;;;;x,,,,,,;
AIRATTACKUS_2;$MONARCHTITLE$, we have received reports that our planes have been engaged by hostile aircraft above;$MONARCHTITLE$, nous avons reçu des rapports faisant état que certains de nos avions ont été attaqués par des avions ennemis au-dessus de la province;$MONARCHTITLE$, es wird gemeldet, dass unsere Flugzeuge;;$MONARCHTITLE$, nos informan que aeronaves hostiles han atacado a nuestros aviones sobre;;;;;;;;;x,,,,,;
AIRATTACKUS_3;$PROV$.;$PROV$.;in $PROV$ von feindlichen Flugzeugen aus;;$PROV$.;;;;;;;;;x,,,,,,;
AIRATTACKUS_4;Aircraft from $ATTACKER$ with;Avions de $ATTACKER$ comportant;$ATTACKER$ angegriffen werden.;;Aeronaves de $ATTACKER$ con;;;;;;;;;x,,,,,,;
AIRATTACKUS_5;$ATTUNIT$\nattacking our\n$DEFUNIT$;des $ATTUNIT$\nattaquant nos\n$DEFUNIT$.;Angreifer: $ATTUNIT$;;$ATTUNIT$\natacando a nuestro\n$DEFUNIT$;;;;;;;;;x,,,,,,;
AIRATTACKUS_6;*;*;Verteidiger: $DEFUNIT$;;*;;;;;;;;;x,,,,,,;
AIRATTACKUS_LOG;AIRATTACKUS_LOG > WARGOAL=$WARGOAL$ + foreign_minister=$foreign_minister$ + AGRESSOR=$AGRESSOR$ + VALUE=$VALUE$ +  OUR_FLEET=$OUR_FLEET$ + PROV=$PROV$ + OTHER=$OTHER$ + OTHERS=$OTHERS$ + RESERVE=$RESERVE$ + TARGET=$TARGET$ + CAP=$CAP$ + SUB=$SUB$ + NUM=$NUM$ + COUNTRY=$COUNTRY$ + TYPE=$TYPE$ + NAME=$NAME$ + SCR=$SCR$ + TRA=$TRA$ + BRIG=$BRIG$ + UNIT=$UNIT$ + MEN=$MEN$ + FIG=$FIG$ + BOM=$BOM$ + DEFENDER=$DEFENDER$ + ATTACKER=$ATTACKER$ + ATTUNIT=$ATTUNIT$ + DEFUNIT=$DEFUNIT$ + RESULT=$RESULT$ + USLOSS=$USLOSS$ + USNUM=$USNUM$ + OTHERRESULT=$OTHERRESULT$ + THEIRNUM=$THEIRNUM$ + THEIRLOST=$THEIRLOST$ + SHIPS=$SHIPS$ + THEIRSHIP=$THEIRSHIP$ + ORDER=$ORDER$ + DAMAGE=$DAMAGE$ + ATTACKER_ADJ=$ATTACKER_ADJ$ + DAMAGE_SHORT=$DAMAGE_SHORT$ + SIZE=$SIZE$ + SUNK=$SUNK$;Des avions ennemis nous ont attaqués au-dessus de la province $PROV$.;Feindflugzeuge greifen uns über $PROV$ an.;;Aviones hostiles nos han atacado sobre $PROV$.;;;;;;;;;x,,,,,,;
AIRATTACKUS_BTN1;OK;OK;OK;;OK;;;;;;;;;x,,,,,,;
AIRATTACKUS_BTN2;OK;OK;OK;;OK;;;;;;;;;x,,,,,,;
AIRATTACKUS_BTN3;Goto;Aller à;Gehe zu;;Ir allí;;;;;;;;;x,,,,,,;
AIRATTACKUS_MAP;*;*;*;;*;;;;;;;;;x,,,,,,;
LANDBATTLEOVER_SETUP;When a land battle is over;Lorsqu'une bataille terrestre est terminée;Wenn eine Feldschlacht vorbei ist;Kiedy bitwa l¹dowa dobiegnie koñca;Cuando termina una batalla terrestre.;Quando finisce una battaglia di terra;Ha vége egy szárazföldi ütközetnek;Když skonèí bitva na souši;;;;;;x,,,,,,;
LANDBATTLEOVER_HEADER;$chief_of_army$ reports that;$chief_of_army$ nous informe que;$chief_of_army$ berichtet:;;$chief_of_army$ nos informa de;;;;;;;;;x,,,,,,;
LANDBATTLEOVER_1;$NAME$;$NAME$;Die $NAME$ ;$NAME$ jest skoñczona!;$NAME$;$NAME$ !;A $NAME$ véget ért!;$NAME$ je u konce!;;;;;;x,,,,,,;
LANDBATTLEOVER_2;$MONARCHTITLE$, we have $RESULT$;$MONARCHTITLE$, nous avons $RESULT$;$MONARCHTITLE$, wir haben;$RESULT$;$MONARCHTITLE$, ¡hemos $RESULT$;$MONARCHTITLE$, abbiamo $RESULT$;Népünk $RESULT$;$MONARCHTITLE$, známe výsledky: $RESULT$;;;;;;x;
LANDBATTLEOVER_3;The $NAME$!;Les $NAME$ !;Die $NAME$!;$NAME$!;la $NAME$!;$NAME$!;a $NAME$ ütközetben!;$NAME$!;;;;;;x,,,,,,;
LANDBATTLEOVER_4;During the struggle $USLOSS$ of our $USNUM$ troops were killed.;Pendant le combat $USLOSS$ de nos $USNUM$ troupes ont été tuées.;$RESULT$. Während des Kampfes wurden $USLOSS$ unserer $USNUM$ Soldaten getötet.;Podczas walk zginê³o $USLOSS$ z $USNUM$ naszych ¿o³nierzy.;Durante la lucha, $USLOSS$ de nuestras $USNUM$ tropas perecieron.;Nel corso della battaglia, $USLOSS$ dei nostri $USNUM$ uomini sono stati uccisi.;$USLOSS$ veszett oda a $USNUM$ fõs seregünkbõl.;V bojích padlo $USLOSS$ z našich $USNUM$ vojákù.;;;;;;x,,,;
LANDBATTLEOVER_5;$OTHER$;$OTHER$;$OTHER$;$OTHER$ - ;$OTHER$;$OTHER$;$OTHER$;$OTHER$;;;;;;x,,,,,,;
LANDBATTLEOVER_6;has $OTHERRESULT$ the battle. Out of $THEIRNUM$ Troops, $THEIRLOST$ were killed.;a $OTHERRESULT$ la bataille. $THEIRLOST$  sur $THEIRNUM$ de leurs troupes ont été tuées.;hat die Schlacht $OTHERRESULT$. Von $THEIRNUM$ Soldaten fielen $THEIRLOST$.;$OTHERRESULT$ bitwê. Z armii licz¹cej $THEIRNUM$, zginê³o $THEIRLOST$ ¿o³nierzy.;ha $OTHERRESULT$ la batalla. De $THEIRNUM$ tropas que tenían, han muerto $THEIRLOST$.;ha $OTHERRESULT$ la battaglia. Di $THEIRNUM$ uomini, $THEIRLOST$ sono stati uccisi.;$OTHERRESULT$ a csatában. Az õ oldalukon a $THEIRNUM$ fõbõl $THEIRLOST$ veszett oda.;dosáhl $OTHERRESULT$ v boji. Z $THEIRNUM$ vojákù jich $THEIRLOST$ padlo.;;;;;;x,;
LANDBATTLEOVER_LOG;DONE LANDBATTLEOVER_LOG >  OTHER=$OTHER$ + COUNTRY=$COUNTRY$ + NAME=$NAME$  + RESULT=$RESULT$ + USLOSS=$USLOSS$ + USNUM=$USNUM$ + OTHERRESULT=$OTHERRESULT$ + THEIRNUM=$THEIRNUM$ + THEIRLOST=$THEIRLOST$;Nous avons $RESULT$ $NAME$.;Wir haben die $NAME$ $RESULT$ . Auf unserer Seite sind $USLOSS$ von $USNUM$  Soldaten gefallen, $OTHER$ verlor $THEIRLOST$ von $THEIRNUM$ Soldaten;$RESULT$ $NAME$.;Hemos $RESULT$ la $NAME$.;Noi abbiamo $RESULT$ $NAME$.;$NAME$ eredménye: $RESULT$.;My jsme dosáhli: $RESULT$ $NAME$.;;;;;;x,,,,,,;
LANDBATTLEOVER_BTN1;OK;OK;OK;OK;OK;OK;Rendben;OK;;;;;;x,,,,,,;
LANDBATTLEOVER_BTN2;OK;OK;OK;OK;OK;OK;Rendben;OK;;;;;;x,,,,,,;
LANDBATTLEOVER_BTN3;Goto;Aller à;Gehe zu;IdŸ do;Ir allí;Andare;Ugrás;Pøejít na;;;;;;x,,,,,,;
LANDBATTLEOVER_MAP;$RESULT$ ;*;*;*;*;*;*;;;;;;;x,,,,,,;
RESULT_LOSS;lost;perdu;verloren;Przegraliœmy;perdido;perso;veszített;prohra;;;;;;x,,,,,,;
RESULT_WON;won;gagné;gewonnen;Wygraliœmy;ganado;vinto;nyert;vítìzství;;;;;;x,,,,,,;
WE;we;nous;wir;my;nosotros;noi;mi;my;;;;;;x,,,,,,;
NAVALBATTLEOVER_SETUP;When a naval battle is over;Quand une bataille navale est terminée;Wenn eine Seeschlacht vorbei ist;Kiedy bitwa morska dobiegnie koñca;Cuando acaba una batalla naval.;Quando finisce una battaglia navale;Ha egy tengeri ütközetnek vége;Když skonèí bitva na moøi;;;;;;x,,,,,,;
NAVALBATTLEOVER_HEADER;$chief_of_navy$ reports that;$chief_of_navy$ nous informe au sujet de;$chief_of_navy$ berichtet:;;$chief_of_navy$ nos informa que;;;;;;;;;x,,,,,,;
NAVALBATTLEOVER_1;$NAME$;$NAME$;Die $NAME$;$NAME$ jest skoñczona!;$NAME$;$NAME$ è finita!;$NAME$ véget ért!;$NAME$ je u konce!;;;;;;x,,,,,,;
NAVALBATTLEOVER_2;$MONARCHTITLE$, we have $RESULT$;$MONARCHTITLE$, nous avons $RESULT$;$MONARCHTITLE$, wir haben die $NAME$;$RESULT$;$MONARCHTITLE$, ¡hemos $RESULT$;$MONARCHTITLE$, abbiamo $RESULT$;Népünk $RESULT$;$MONARCHTITLE$, známe výsledky: $RESULT$;;;;;;x;
NAVALBATTLEOVER_3;The $NAME$!;$NAME$ !;$RESULT$. ;$NAME$!;la $NAME$!;$NAME$!;a $NAME$ tengeri ütközetben!;$NAME$!;;;;;;x,,,,,,;
NAVALBATTLEOVER_4;The fleet from;La flotte de;Die Flotte(n) von $OTHER$ ;Si³y;La flota de;Le forze di:;   ;Jednotky;;;;;;x,,,,,,;
NAVALBATTLEOVER_5;$OTHER$;$OTHER$;$OTHERRESULT$.;$OTHER$ - ;$OTHER$;$OTHER$;$OTHER$ erõi;$OTHER$;;;;;;x,,,,,,;
NAVALBATTLEOVER_6;is $OTHERRESULT$. We lost $SHIPS$ while they lost $THEIRSHIP$ .;est $OTHERRESULT$. Nous avons perdu $SHIPS$ alors qu'ils en ont perdu $THEIRSHIP$ .;Wir verloren $SHIPS$, $OTHER$ verlor $THEIRSHIP$.;;ha $OTHERRESULT$. Hemos perdido $SHIPS$ y ellos $THEIRSHIP$.;;;;;;;;;x,,,,,,;
NAVALBATTLEOVER_LOG;DONE NAVALBATTLEOVER_LOG > WARGOAL=$WARGOAL$ + foreign_minister=$foreign_minister$ + AGRESSOR=$AGRESSOR$ + VALUE=$VALUE$ +  OTHER=$OTHER$ + COUNTRY=$COUNTRY$ + NAME=$NAME$ + RESULT=$RESULT$ + OTHERRESULT=$OTHERRESULT$ + SHIPS=$SHIPS$ + THEIRSHIP=$THEIRSHIP$;Nous avons $RESULT$ $NAME$.;Wir haben die $NAME$ $RESULT$.;$RESULT$ $NAME$.;Hemos $RESULT$ la $NAME$.;Noi abbiamo $RESULT$ $NAME$.;$NAME$ eredménye: $RESULT$.;My jsme dosáhli: $RESULT$ $NAME$.;;;;;;x,,,,,,;
NAVALBATTLEOVER_BTN1;OK;OK;OK;OK;OK;OK;Rendben;OK;;;;;;x,,,,,,;
NAVALBATTLEOVER_BTN2;OK;OK;OK;OK;OK;OK;Rendben;OK;;;;;;x,,,,,,;
NAVALBATTLEOVER_BTN3;Goto;Aller à;Gehe zu;IdŸ do;Ir allí;Andare;Ugrás;Pøejít na;;;;;;x,,,,,,;
NAVALBATTLEOVER_MAP;$RESULT$ ;$RESULT$ ;*;*;*;*;*;;;;;;;x,,,,,,;
COMBAT_TRIUMPH;triumphant;victorieuse;hat triumphiert;w triumfie;vencedor;trionfante;diadalittas;vítìzný;;;;;;x,,,,,,;
COMBAT_FLEE;fleeing;en fuite;flieht;w ucieczce;huido;in fuga;megfutamodott;na útìku;;;;;;x,,,,,,;
MY;My;mon;Mein;*;mi;Mio;Enyém;Náš;;;;;;x,,,,,,;
COMBAT_WINNERTYPE_THEIR;their;leur;ihre;ich;de incumplir su;loro;Övék;jejich;;;;;;x,,,,,,;
COMBAT_WINNERTYPE_OUR;our;notre;uns;nasze;nuestra;nostro;Miénk;naše;;;;;;x,,,,,,;
AIRBATTLEOVER_SETUP;When an air battle is over;Lorsqu'une bataille aérienne est terminée;Wenn eine Luftschlacht vorbei ist;;Cuando acaba una batalla aérea.;;;;;;;;;x,,,,,,;
AIRBATTLEOVER_HEADER;$chief_of_air$ reports that;$chief_of_air$ nous informe que;$chief_of_air$ berichtet:;;$chief_of_navy$ nos informa que;;;;;;;;;x,,,,,,;
AIRBATTLEOVER_1;$NAME$;$NAME$.;$NAME$;;$NAME$;;;;;;;;;x,,,,,,;
AIRBATTLEOVER_2;$MONARCHTITLE$, we have $RESULT$;$MONARCHTITLE$, nous avons $RESULT$;$MONARCHTITLE$, wir haben $RESULT$;;$MONARCHTITLE$, ¡hemos $RESULT$;;;;;;;;;x,,,,,;
AIRBATTLEOVER_3;The $NAME$!;$NAME$ !;$NAME$!;;la $NAME$!;;;;;;;;;x,,,,,,;
AIRBATTLEOVER_4;The forces of;Les forces de;Die Truppen von;;Las fuerzas de;;;;;;;;;x,,,,,,;
AIRBATTLEOVER_5;$OTHER$;$OTHER$;$OTHER$;;$OTHER$;;;;;;;;;x,,,,,,;
AIRBATTLEOVER_6;have $OTHERRESULT$.;sont $OTHERRESULT$.;haben $OTHERRESULT$.;;han $OTHERRESULT$.;;;;;;;;;x,,,,,,;
AIRBATTLEOVER_LOG;AIRBATTLEOVER_LOG > WARGOAL=$WARGOAL$ + foreign_minister=$foreign_minister$ + AGRESSOR=$AGRESSOR$ + VALUE=$VALUE$ +  OUR_FLEET=$OUR_FLEET$ + PROV=$PROV$ + OTHER=$OTHER$ + OTHERS=$OTHERS$ + RESERVE=$RESERVE$ + TARGET=$TARGET$ + CAP=$CAP$ + SUB=$SUB$ + NUM=$NUM$ + COUNTRY=$COUNTRY$ + TYPE=$TYPE$ + NAME=$NAME$ + SCR=$SCR$ + TRA=$TRA$ + BRIG=$BRIG$ + UNIT=$UNIT$ + MEN=$MEN$ + FIG=$FIG$ + BOM=$BOM$ + DEFENDER=$DEFENDER$ + ATTACKER=$ATTACKER$ + ATTUNIT=$ATTUNIT$ + DEFUNIT=$DEFUNIT$ + RESULT=$RESULT$ + USLOSS=$USLOSS$ + USNUM=$USNUM$ + OTHERRESULT=$OTHERRESULT$ + THEIRNUM=$THEIRNUM$ + THEIRLOST=$THEIRLOST$ + SHIPS=$SHIPS$ + THEIRSHIP=$THEIRSHIP$ + ORDER=$ORDER$ + DAMAGE=$DAMAGE$ + ATTACKER_ADJ=$ATTACKER_ADJ$ + DAMAGE_SHORT=$DAMAGE_SHORT$ + SIZE=$SIZE$ + SUNK=$SUNK$;Nous avons $RESULT$ $NAME$.;Wir $RESULT$: $NAME$.;;Hemos $RESULT$ la $NAME$.;;;;;;;;;x,,,,,,;
AIRBATTLEOVER_BTN1;OK;OK;OK;;OK;;;;;;;;;x,,,,,,;
AIRBATTLEOVER_BTN2;OK;OK;OK;;OK;;;;;;;;;x,,,,,,;
AIRBATTLEOVER_BTN3;Goto;Aller à;Gehe zu;;Ir allí;;;;;;;;;x,,,,,,;
AIRBATTLEOVER_MAP;*;*;*;;*;;;;;;;;;x,,,,,,;
BOMBTHEM_SETUP;When one of our air units starts bombing the enemy;Lorsque l'une de nos unités aériennes commence à bombarder l'ennemi;Wenn eine unserer Lufteinheiten den Feind bombardiert;;Nuestras unidades aéreas empieza a bombardear al enemigo.;;;;;;;;;x,,,,,,;
BOMBTHEM_HEADER;$chief_of_air$ reports;$chief_of_air$ signale que;$chief_of_air$ berichtet:;;$chief_of_air$ nos informa que;;;;;;;;;x,,,,,,;
BOMBTHEM_1;Bombing Started!;le bombardement a commencé !;Bombardierung begonnen!;;¡Ha comenzado el bombardeo!;;;;;;;;;x,,,,,,;
BOMBTHEM_2;$MONARCHTITLE$, our airforce have started with a;$MONARCHTITLE$, nos forces aériennes ont commencé par;$MONARCHTITLE$, unsere Luftwaffe begann eine;;$MONARCHTITLE$, nuestra fuerza aérea ha comenzado con;;;;;;;;;x,,,,,;
BOMBTHEM_3;$ORDER$;$ORDER$;$ORDER$ in;;$ORDER$;;;;;;;;;x,,,,,,;
BOMBTHEM_4;in;dans ;$PROV$;;en;;;;;;;;;x,,,,,,;
BOMBTHEM_5;$PROV$;$PROV$.;Angreifer: $ATTUNIT$;;$PROV$;;;;;;;;;x,,,,,,;
BOMBTHEM_6;$ATTUNIT$\nattacking\n$DEFUNIT$;$ATTUNIT$\nattaquant\n$DEFUNIT$;Verteidiger: $DEFUNIT$;;$ATTUNIT$\natacando a\n$DEFUNIT$;;;;;;;;;x,,,,,,;
BOMBTHEM_LOG;DONE BOMBTHEM_LOG > WARGOAL=$WARGOAL$ + foreign_minister=$foreign_minister$ + AGRESSOR=$AGRESSOR$ + VALUE=$VALUE$ +  PROV=$PROV$ + COUNTRY=$COUNTRY$ + DEFENDER=$DEFENDER$ + ATTACKER=$ATTACKER$ + ATTUNIT=$ATTUNIT$ + DEFUNIT=$DEFUNIT$ + ORDER=$ORDER$;Nos forces aériennes ont commencé à $ORDER$ la province $PROV$.;Unsere Luftwaffe hat  $ORDER$ von $PROV$ begonnen.;;Nuestra fuerza aérea ha comenzado con $ORDER$ de $PROV$.;;;;;;;;;x,,,,,,;
BOMBTHEM_BTN1;OK;OK;OK;;OK;;;;;;;;;x,,,,,,;
BOMBTHEM_BTN2;OK;OK;OK;;OK;;;;;;;;;x,,,,,,;
BOMBTHEM_BTN3;Goto;Aller à;Gehe zu;;Ir allí;;;;;;;;;x,,,,,,;
BOMBTHEM_MAP;*;*;*;;*;;;;;;;;;x,,,,,,;
BOMBUS_SETUP;When we are bombed by hostile forces;Lorsque nous sommes bombardés par des forces ennemies;Wenn der Feind uns bombardiert;;Cuando nos bombardeen fuerzas hostiles.;;;;;;;;;x,,,,,,;
BOMBUS_HEADER;$chief_of_air$ reports;$chief_of_air$ signale que;$chief_of_air$ berichtet:;;$chief_of_air$ nos informa de que;;;;;;;;;x,,,,,,;
BOMBUS_1;Bombs are falling on us!;des bombes sont larguées sur nous !;Wir werden bombardiert!;;¡Las bombas caen sobre nosotros!;;;;;;;;;x,,,,,,;
BOMBUS_2;$MONARCHTITLE$, there are reports that  hostile aircraft are performing a;$MONARCHTITLE$, des rapports font état que des avions ennemis;$MONARCHTITLE$, es wird berichtet, dass uns ;;$MONARCHTITLE$, nos informan que aeronaves hostiles están haciendo un;;;;;;;;;x,,,,,;
BOMBUS_3;$ORDER$;$ORDER$ actuellement;feindliche Flugzeuge mit dem Befehl ;;$ORDER$;;;;;;;;;x,,,,,,;
BOMBUS_4;in;la province;$ORDER$ in $PROV$ angreifen.;;en;;;;;;;;;x,,,,,,;
BOMBUS_5;$PROV$;$PROV$.;Angreifer: $ATTUNIT$;;$PROV$;;;;;;;;;x,,,,,,;
BOMBUS_6;$ATTUNIT$\nattacking\n$DEFUNIT$;$ATTUNIT$\nattaquant\n$DEFUNIT$;Verteidiger: $DEFUNIT$;;$ATTUNIT$\natacando a\n$DEFUNIT$;;;;;;;;;x,,,,,,;
BOMBUS_LOG;DONE BOMBUS_LOG > PROV=$PROV$ + COUNTRY=$COUNTRY$ + DEFENDER=$DEFENDER$ + ATTACKER=$ATTACKER$ + ATTUNIT=$ATTUNIT$ + DEFUNIT=$DEFUNIT$ + ORDER=$ORDER$;Des avions ennemis effectuent un $ORDER$ dans la province $PROV$.;Feindflugzeuge $ORDER$ in $PROV$.;;Aeronaves hostiles realizan un $ORDER$ en $PROV$.;;;;;;;;;x,,,,,,;
BOMBUS_BTN1;OK;OK;OK;;OK;;;;;;;;;x,,,,,,;
BOMBUS_BTN2;OK;OK;OK;;OK;;;;;;;;;x,,,,,,;
BOMBUS_BTN3;Goto;Aller à;Gehe zu;;Ir allí;;;;;;;;;x,,,,,,;
BOMBUS_MAP;*;*;*;;*;;;;;;;;;x,,,,,,;
BOMBENDTHEM_SETUP;When one of our bombing attacks ends.;Lorsque l'un de nos bombardements se termine.;Wenn einer unser Bombenangriffe endet.;;Cuando finaliza uno de nuestros ataques de bombardeo.;;;;;;;;;x,,,,,,;
BOMBENDTHEM_HEADER;$chief_of_air$ reports;$chief_of_air$ signale que;$chief_of_air$ berichtet:;;$chief_of_air$ nos informa de;;;;;;;;;x,,,,,,;
BOMBENDTHEM_1;$ORDER$ ended!;$ORDER$ est terminé !;$ORDER$ beendet!;;¡$ORDER$ finalizado!;;;;;;;;;x,,,,,,;
BOMBENDTHEM_2;our air force has finished with its current $ORDER$ in;Nos forces aériennes ont terminé leur $ORDER$ dans la province;unsere Luftwaffe beendete $ORDER$ in;;Nuestra fuerza aérea ha finalizado su $ORDER$ actual en;;;;;;;;;x,,,,,,;
BOMBENDTHEM_3;$PROV$;$PROV$.;$PROV$;;$PROV$;;;;;;;;;x,,,,,,;
BOMBENDTHEM_4;Doing the following damage;Cela a produit les dégâts suivants :;mit dem folgenden Schaden;;Han provocado los siguientes daños;;;;;;;;;x,,,,,,;
BOMBENDTHEM_5;$DAMAGE$.;$DAMAGE$.;$DAMAGE$.;;$DAMAGE$.;;;;;;;;;x,,,,,,;
BOMBENDTHEM_6;*;*;*;;*;;;;;;;;;x,,,,,,;
BOMBENDTHEM_LOG;DONE BOMBENDTHEM_LOG > WARGOAL=$WARGOAL$ + foreign_minister=$foreign_minister$ + AGRESSOR=$AGRESSOR$ + VALUE=$VALUE$ +  PROV=$PROV$ + COUNTRY=$COUNTRY$ + ATTACKER=$ATTACKER$ + ORDER=$ORDER$ + DAMAGE=$DAMAGE$ + ATTACKER_ADJ=$ATTACKER_ADJ$ + DAMAGE_SHORT=$DAMAGE_SHORT$;$ORDER$ effectué dans la province $PROV$;$ORDER$ in $PROV$ ausgeführt;;$ORDER$ realizado en $PROV$;;;;;;;;;x,,,,,,;
BOMBENDTHEM_BTN1;OK;OK;OK;;OK;;;;;;;;;x,,,,,,;
BOMBENDTHEM_BTN2;OK;OK;OK;;OK;;;;;;;;;x,,,,,,;
BOMBENDTHEM_BTN3;Goto;Aller à;Gehe zu;;Ir allí;;;;;;;;;x,,,,,,;
BOMBENDTHEM_MAP;$ORDER$;$ORDER$;*;;*;;;;;;;;;x,,,,,,;
BOMBENDUS_SETUP;When a bombing by hostile forces ends.;Lorsque nous sommes bombardés par des forces ennemies;Wenn wir vom Feind bombardiert werden;;Cuando nos bombardeen fuerzas hostiles.;;;;;;;;;x,,,,,,;
BOMBENDUS_HEADER;$chief_of_air$ reports;$chief_of_air$ signale que;$chief_of_air$ berichtet:;;$chief_of_air$ nos informa de que;;;;;;;;;x,,,,,,;
BOMBENDUS_1;$ATTACKER_ADJ$ aircraft carried out a $ORDER$;les avions de $ATTACKER_ADJ$ aircraft avaient $ORDER$;Wir werden bombardiert!;;Aeronaves $ATTACKER_ADJ$ realizaron un $ORDER$;;;;;;;;;x,,,,,,;
BOMBENDUS_2;in;dans la province;$ATTACKER_ADJ$e Flugzeuge führen einen;;en;;;;;;;;;x,,,,,,;
BOMBENDUS_3;$PROV$;$PROV$.;$ORDER$ in $PROV$;;$PROV$;;;;;;;;;x,,,,,,;
BOMBENDUS_4;Doing the following damage;Ceci a produit les dégâts suivants :;mit dem folgenden Schaden aus:;;Han provocado los siguientes daños;;;;;;;;;x,,,,,,;
BOMBENDUS_5;$DAMAGE$.;$DAMAGE$.;$DAMAGE$;;$DAMAGE$.;;;;;;;;;x,,,,,,;
BOMBENDUS_6;*;*;*;;*;;;;;;;;;x,,,,,,;
BOMBENDUS_LOG;DONE BOMBENDUS_LOG > WARGOAL=$WARGOAL$ + foreign_minister=$foreign_minister$ + AGRESSOR=$AGRESSOR$ + VALUE=$VALUE$ +  PROV=$PROV$ + COUNTRY=$COUNTRY$ + ATTACKER=$ATTACKER$ + ORDER=$ORDER$ + DAMAGE=$DAMAGE$ + ATTACKER_ADJ=$ATTACKER_ADJ$ + DAMAGE_SHORT=$DAMAGE_SHORT$;Les avions de $ATTACKER_ADJ$ ont $ORDER$ dans la province $PROV$, $DAMAGE_SHORT$.;$ATTACKER_ADJ$-Flugzeuge führen $ORDER$ aus in $PROV$, $DAMAGE_SHORT$.;;Aeronaves $ATTACKER_ADJ$ realizaron un $ORDER$ en $PROV$, $DAMAGE_SHORT$.;;;;;;;;;x,,,,,;
BOMBENDUS_BTN1;OK;OK;OK;;OK;;;;;;;;;x,,,,,,;
BOMBENDUS_BTN2;OK;OK;OK;;OK;;;;;;;;;x,,,,,,;
BOMBENDUS_BTN3;Goto;Aller à;Gehe zu;;Ir allí;;;;;;;;;x,,,,,,;
BOMBENDUS_MAP;$ORDER$;$ORDER$;*;;*;;;;;;;;;x,,,,,,;
BOMB_DAMAGE_BUILDING;Damaging $NAME$ by $SIZE$.;Dégâts subis par $NAME$ à hauteur de $SIZE$.;Schaden von $SIZE$ gegen $NAME$.;;Dañando a $NAME$ en $SIZE$.;;;;;;;;;x,,,,,,;
BOMB_DAMAGE_MEN;Killing $SIZE$ soldiers.;$SIZE$ soldats tués.;$SIZE$ Soldaten getötet.;;Matando $SIZE$ soldados.;;;;;;;;;x,,,,,,;
BOMB_DAMAGE_STOCKPILE;Reduced $NAME$ stockpile by $SIZE$.;Ressources de $NAME$ réduites de $SIZE$.;$NAME$-Vorräte um $SIZE$ reduziert.;;Reduciendo la reserva de recursos de $NAME$ en $SIZE$.;;;;;;;;;x,,,,,,;
BOMB_DAMAGE_PRODUCTION;Damaging $NAME$ production by $SIZE$.;La production de $NAME$ a été endommagée à hauteur de $SIZE$.;$NAME$-Produktion um $SIZE$ beschädigt.;;Dañando la producción de $NAME$ en $SIZE$.;;;;;;;;;x,,,,,,;
BOMB_DAMAGING_SHIPS;Damaging ships.;Navires endommagés.;Schiffe beschädigt.;;Dañando buques.;;;;;;;;;x,,,,,,;
BOMB_SINK_SHIP;Sinking $SUNK$.;$SUNK$ coulés.;$SUNK$ versenkt.;;Hundiendo $SUNK$.;;;;;;;;;x,,,,,,;
